,Unnamed: 0,Unnamed: 0.1,webName,ID,elementID,firstName,secondName,fullName,cleanName,score_1,score_2,score_3
0,0,0,Mustafi,1,2,Shkodran,Mustafi,Shkodran Mustafi,Shkodran Mustafi,0.0,0.0,6.55
1,1,1,Bellerín,2,2,Héctor,Bellerín,Héctor Bellerín,Hector Bellerin,0.66,0.0,12.739999999999998
2,2,2,Kolasinac,3,2,Sead,Kolasinac,Sead Kolasinac,Sead Kolasinac,0.0,0.0,1.75
3,3,3,Maitland-Niles,4,2,Ainsley,Maitland-Niles,Ainsley Maitland-Niles,Ainsley MaitlandNiles,5.23,1.78,2.5
4,4,4,Sokratis,5,2,Sokratis,Papastathopoulos,Sokratis Papastathopoulos,Sokratis Papastathopoulos,0.0,0.0,0.0
5,5,5,Monreal,6,2,Nacho,Monreal,Nacho Monreal,Nacho Monreal,0.0,0.0,6.97
6,6,6,Koscielny,7,2,Laurent,Koscielny,Laurent Koscielny,Laurent Koscielny,0.0,0.0,2.02
7,7,7,Mavropanos,8,2,Konstantinos,Mavropanos,Konstantinos Mavropanos,Konstantinos Mavropanos,0.0,0.0,1.38
8,8,8,Jenkinson,9,2,Carl,Jenkinson,Carl Jenkinson,Carl Jenkinson,0.0,0.0,-1.0
9,9,9,Holding,10,2,Rob,Holding,Rob Holding,Rob Holding,0.59,0.0,-0.21999999999999997
10,10,10,Aubameyang,11,4,Pierre-Emerick,Aubameyang,Pierre-Emerick Aubameyang,PierreEmerick Aubameyang,1.34,5.19,13.159999999999997
11,11,11,Lacazette,12,4,Alexandre,Lacazette,Alexandre Lacazette,Alexandre Lacazette,2.06,0.0,7.0
12,12,12,Nketiah,13,4,Edward,Nketiah,Edward Nketiah,Edward Nketiah,0.0,0.0,0.59
13,13,13,Leno,14,1,Bernd,Leno,Bernd Leno,Bernd Leno,0.0,0.0,1.63
14,14,14,Özil,15,3,Mesut,Özil,Mesut Özil,Mesut Ozil,0.0,0.0,4.8
15,15,15,Mkhitaryan,16,3,Henrikh,Mkhitaryan,Henrikh Mkhitaryan,Henrikh Mkhitaryan,0.0,0.78,21.5
16,16,16,Xhaka,18,3,Granit,Xhaka,Granit Xhaka,Granit Xhaka,0.54,0.0,-1.0
17,17,17,Torreira,19,3,Lucas,Torreira,Lucas Torreira,Lucas Torreira,0.0,0.0,2.27
18,18,18,Elneny,20,3,Mohamed,Elneny,Mohamed Elneny,Mohamed Elneny,0.0,0.0,0.0
19,19,19,Guendouzi,21,3,Matteo,Guendouzi,Matteo Guendouzi,Matteo Guendouzi,0.0,0.0,0.0
20,20,20,David Luiz,106,2,David,Luiz Moreira Marinho,David Luiz Moreira Marinho,David Luiz Moreira Marinho,1.78,0.0,15.399999999999999
21,21,21,Martínez,427,1,Emiliano,Martínez,Emiliano Martínez,Emiliano Martinez,0.0,0.0,0.0
22,22,22,Chambers,467,2,Calum,Chambers,Calum Chambers,Calum Chambers,0.0,0.0,0.52
23,23,23,Ceballos,469,3,Daniel,Ceballos Fernández,Daniel Ceballos Fernández,Daniel Ceballos Fernandez,2.27,1.63,8.590000000000002
24,24,24,Pépé,488,3,Nicolas,Pépé,Nicolas Pépé,Nicolas Pepe,1.22,0.0,7.41
25,25,25,Nelson,489,3,Reiss,Nelson,Reiss Nelson,Reiss Nelson,0.64,0.0,0.0
26,26,26,Willock,490,3,Joseph,Willock,Joseph Willock,Joseph Willock,0.0,0.0,1.51
27,27,27,Martinelli,504,4,Gabriel Teodoro,Martinelli Silva,Gabriel Teodoro Martinelli Silva,Gabriel Teodoro Martinelli Silva,0.0,0.0,5.86
28,28,28,Tierney,515,2,Kieran,Tierney,Kieran Tierney,Kieran Tierney,0.0,0.0,-0.22999999999999998
29,29,29,El Mohamady,22,2,Ahmed,El Mohamady,Ahmed El Mohamady,Ahmed El Mohamady,0.0,0.0,0.75
30,30,30,Chester,23,2,James,Chester,James Chester,James Chester,1.42,0.0,2.96
31,31,31,Taylor,24,2,Neil,Taylor,Neil Taylor,Neil Taylor,0.42,0.0,0.64
32,32,32,Hause,25,2,Kortney,Hause,Kortney Hause,Kortney Hause,0.0,0.0,0.0
33,33,33,Kodjia,26,4,Jonathan,Kodjia,Jonathan Kodjia,Jonathan Kodjia,0.0,0.0,-1.0
34,34,34,Nyland,27,1,Ørjan,Nyland,Ørjan Nyland,Orjan Nyland,0.0,0.0,0.0
35,35,35,Hourihane,28,3,Conor,Hourihane,Conor Hourihane,Conor Hourihane,0.0,0.0,0.0
36,36,36,Grealish,29,3,Jack,Grealish,Jack Grealish,Jack Grealish,0.72,0.0,0.0
37,37,37,El Ghazi,30,3,Anwar,El Ghazi,Anwar El Ghazi,Anwar El Ghazi,0.68,0.0,0.0
38,38,38,McGinn,31,3,John,McGinn,John McGinn,John McGinn,2.38,1.76,1.35
39,39,39,Green,32,3,Andre,Green,Andre Green,Andre Green,0.0,0.0,2.67
40,40,40,Bjarnason,33,3,Birkir,Bjarnason,Birkir Bjarnason,Birkir Bjarnason,0.0,0.0,-1.0
41,41,41,Davis,34,3,Keinan,Davis,Keinan Davis,Keinan Davis,0.0,0.0,0.0
42,42,42,Lansbury,35,3,Henri,Lansbury,Henri Lansbury,Henri Lansbury,0.0,0.0,0.0
43,43,43,Jota,36,3,José Ignacio,Peleteiro Romallo,José Ignacio Peleteiro Romallo,Jose Ignacio Peleteiro Romallo,0.0,0.0,0.0
44,44,44,Heaton,94,1,Tom,Heaton,Tom Heaton,Tom Heaton,2.53,0.0,3.12
45,45,45,Targett,309,2,Matt,Targett,Matt Targett,Matt Targett,0.64,0.0,0.0
46,46,46,Wesley,428,4,Wesley,Moraes,Wesley Moraes,Wesley Moraes,0.72,0.68,0.0
47,47,47,Steer,429,1,Jed,Steer,Jed Steer,Jed Steer,0.71,0.0,0.0
48,48,48,Mings,445,2,Tyrone,Mings,Tyrone Mings,Tyrone Mings,0.0,0.0,1.51
49,49,49,Konsa,452,2,Ezri,Konsa Ngoyo,Ezri Konsa Ngoyo,Ezri Konsa Ngoyo,0.65,0.0,0.0
50,50,50,Engels,455,2,Bjorn,Engels,Bjorn Engels,Bjorn Engels,0.0,0.0,0.0
51,51,51,Guilbert,458,2,Frédéric,Guilbert,Frédéric Guilbert,Frederic Guilbert,0.66,0.0,0.0
52,52,52,Trézéguet,465,3,Mahmoud Ahmed,Ibrahim Hassan,Mahmoud Ahmed Ibrahim Hassan,Mahmoud Ahmed Ibrahim Hassan,0.0,0.0,0.0
53,53,53,Douglas Luiz,470,3,Douglas Luiz,Soares de Paulo,Douglas Luiz Soares de Paulo,Douglas Luiz Soares de Paulo,1.31,0.0,6.720000000000001
54,54,54,Kalinic,474,1,Lovre,Kalinic,Lovre Kalinic,Lovre Kalinic,0.0,0.0,0.0
55,55,55,Nakamba,491,3,Marvelous,Nakamba,Marvelous Nakamba,Marvelous Nakamba,0.0,0.0,0.0
56,56,56,Steve Cook,58,2,Steve,Cook,Steve Cook,Steve Cook,0.72,0.0,4.84
57,57,57,Aké,59,2,Nathan,Aké,Nathan Aké,Nathan Ake,0.0,0.0,0.74
58,58,58,Daniels,60,2,Charlie,Daniels,Charlie Daniels,Charlie Daniels,0.0,0.0,2.51
59,59,59,Mepham,61,2,Chris,Mepham,Chris Mepham,Chris Mepham,0.34,0.0,0.73
60,60,60,Francis,62,2,Simon,Francis,Simon Francis,Simon Francis,0.7,0.0,0.79
61,61,61,Adam Smith,63,2,Adam,Smith,Adam Smith,Adam Smith,0.58,0.0,1.78
62,62,62,Kelly,64,2,Lloyd,Kelly,Lloyd Kelly,Lloyd Kelly,2.48,0.0,0.15999999999999992
63,63,63,Rico,65,2,Diego,Rico,Diego Rico,Diego Rico,0.54,0.0,2.26
64,64,64,Simpson,66,2,Jack,Simpson,Jack Simpson,Jack Simpson,0.0,0.0,0.0
65,65,65,Wilson,67,4,Callum,Wilson,Callum Wilson,Callum Wilson,8.25,0.75,31.669999999999995
66,66,66,King,68,4,Joshua,King,Joshua King,Joshua King,5.37,0.0,23.71
67,67,67,Solanke,69,4,Dominic,Solanke,Dominic Solanke,Dominic Solanke,0.0,0.0,0.0
68,68,68,Surridge,71,4,Sam,Surridge,Sam Surridge,Sam Surridge,0.0,0.0,1.33
69,69,69,Begovic,72,1,Asmir,Begovic,Asmir Begovic,Asmir Begovic,0.0,0.0,0.0
70,70,70,Boruc,73,1,Artur,Boruc,Artur Boruc,Artur Boruc,0.0,0.0,0.0
71,71,71,Travers,74,1,Mark,Travers,Mark Travers,Mark Travers,1.75,0.0,10.69
72,72,72,Fraser,75,3,Ryan,Fraser,Ryan Fraser,Ryan Fraser,2.3200000000000003,2.1100000000000003,30.970000000000002
73,73,73,Brooks,76,3,David,Brooks,David Brooks,David Brooks,0.74,0.0,3.8200000000000003
74,74,74,Stanislas,77,3,Junior,Stanislas,Junior Stanislas,Junior Stanislas,0.78,0.0,-0.21999999999999997
75,75,75,Ibe,78,3,Jordon,Ibe,Jordon Ibe,Jordon Ibe,0.0,0.0,1.71
76,76,76,Lewis Cook,79,3,Lewis,Cook,Lewis Cook,Lewis Cook,0.0,0.0,-1.0
77,77,77,Surman,80,3,Andrew,Surman,Andrew Surman,Andrew Surman,0.0,0.0,0.0
78,78,78,Gosling,81,3,Dan,Gosling,Dan Gosling,Dan Gosling,0.78,0.0,-1.0
79,79,79,Lerma,82,3,Jefferson,Lerma,Jefferson Lerma,Jefferson Lerma,0.0,0.0,1.4
80,80,80,Stacey,446,2,Jack,Stacey,Jack Stacey,Jack Stacey,0.0,0.0,8.07
81,81,81,Billing,476,3,Philip,Billing,Philip Billing,Philip Billing,3.89,0.0,0.0
82,82,82,Danjuma,492,3,Arnaut,Danjuma Groeneveld,Arnaut Danjuma Groeneveld,Arnaut Danjuma Groeneveld,0.64,0.0,-1.0
83,83,83,Ramsdale,494,1,Aaron,Ramsdale,Aaron Ramsdale,Aaron Ramsdale,0.0,0.0,0.0
84,84,84,Wilson,505,3,Harry,Wilson,Harry Wilson,Harry Wilson,0.0,0.0,1.47
85,85,85,Duffy,37,2,Shane,Duffy,Shane Duffy,Shane Duffy,0.0,0.0,2.8499999999999996
86,86,86,Montoya,38,2,Martín,Montoya,Martín Montoya,Martin Montoya,-0.47,0.0,3.4000000000000004
87,87,87,Bernardo,39,2,Bernardo,Fernandes da Silva Junior,Bernardo Fernandes da Silva Junior,Bernardo Fernandes da Silva Junior,1.59,1.78,7.659999999999999
88,88,88,Balogun,40,2,Leon,Balogun,Leon Balogun,Leon Balogun,0.0,0.0,0.71
89,89,89,Bong,41,2,Gaëtan,Bong,Gaëtan Bong,Gaetan Bong,0.0,0.0,0.63
90,90,90,Dunk,42,2,Lewis,Dunk,Lewis Dunk,Lewis Dunk,3.23,1.67,8.24
91,91,91,Clarke,43,2,Matthew,Clarke,Matthew Clarke,Matthew Clarke,1.54,0.0,0.51
92,92,92,Murray,44,4,Glenn,Murray,Glenn Murray,Glenn Murray,1.73,0.0,10.46
93,93,93,Locadia,45,4,Jürgen,Locadia,Jürgen Locadia,Jurgen Locadia,0.0,0.0,1.2799999999999998
94,94,94,Andone,46,4,Florin,Andone,Florin Andone,Florin Andone,0.0,0.0,0.0
95,95,95,Ryan,47,1,Mathew,Ryan,Mathew Ryan,Mathew Ryan,2.39,-0.48,5.82
96,96,96,Button,48,1,David,Button,David Button,David Button,0.77,0.0,1.4
97,97,97,Groß,49,3,Pascal,Groß,Pascal Groß,Pascal Gross,1.66,0.0,2.04
98,98,98,Jahanbakhsh,50,3,Alireza,Jahanbakhsh,Alireza Jahanbakhsh,Alireza Jahanbakhsh,0.0,0.0,1.63
99,99,99,Izquierdo,51,3,José Heriberto,Izquierdo Mena,José Heriberto Izquierdo Mena,Jose Heriberto Izquierdo Mena,0.0,0.0,1.62
100,100,100,Knockaert,52,3,Anthony,Knockaert,Anthony Knockaert,Anthony Knockaert,0.0,0.0,1.5
101,101,101,Bissouma,53,3,Yves,Bissouma,Yves Bissouma,Yves Bissouma,0.65,0.0,-1.0
102,102,102,Pröpper,54,3,Davy,Pröpper,Davy Pröpper,Davy Propper,0.0,0.0,0.0
103,103,103,March,55,3,Solomon,March,Solomon March,Solomon March,0.0,0.0,0.0
104,104,104,Kayal,56,3,Beram,Kayal,Beram Kayal,Beram Kayal,0.0,0.0,0.14000000000000012
105,105,105,Stephens,57,3,Dale,Stephens,Dale Stephens,Dale Stephens,0.71,0.0,0.73
106,106,106,Trossard,421,3,Leandro,Trossard,Leandro Trossard,Leandro Trossard,1.14,0.0,9.16
107,107,107,Burn,475,2,Dan,Burn,Dan Burn,Dan Burn,11.810000000000002,7.65,33.65
108,108,108,Webster,493,2,Adam,Webster,Adam Webster,Adam Webster,0.61,0.0,0.0
109,109,109,Maupay,502,4,Neal,Maupay,Neal Maupay,Neal Maupay,0.0,0.66,2.0300000000000002
110,110,110,Mooy,516,3,Aaron,Mooy,Aaron Mooy,Aaron Mooy,0.0,0.0,0.0
111,111,111,Mee,83,2,Ben,Mee,Ben Mee,Ben Mee,0.0,0.0,0.0
112,112,112,Tarkowski,84,2,James,Tarkowski,James Tarkowski,James Tarkowski,0.0,0.0,2.4699999999999998
113,113,113,Lowton,85,2,Matthew,Lowton,Matthew Lowton,Matthew Lowton,0.0,0.0,0.0
114,114,114,Bardsley,86,2,Phil,Bardsley,Phil Bardsley,Phil Bardsley,0.0,0.0,0.0
115,115,115,Taylor,87,2,Charlie,Taylor,Charlie Taylor,Charlie Taylor,0.0,0.0,0.0
116,116,116,Long,88,2,Kevin,Long,Kevin Long,Kevin Long,0.0,0.0,1.73
117,117,117,Gibson,89,2,Ben,Gibson,Ben Gibson,Ben Gibson,0.0,0.0,0.0
118,118,118,Barnes,90,4,Ashley,Barnes,Ashley Barnes,Ashley Barnes,4.23,1.7,14.82
119,119,119,Wood,91,4,Chris,Wood,Chris Wood,Chris Wood,0.0,0.0,1.49
120,120,120,Vydra,92,4,Matej,Vydra,Matej Vydra,Matej Vydra,0.0,0.0,0.0
121,121,121,Pope,93,1,Nick,Pope,Nick Pope,Nick Pope,1.77,0.0,11.77
122,122,122,Hart,95,1,Joe,Hart,Joe Hart,Joe Hart,0.0,0.0,9.39
123,123,123,Gudmundsson,96,3,Johann Berg,Gudmundsson,Johann Berg Gudmundsson,Johann Berg Gudmundsson,0.0,0.0,0.0
124,124,124,McNeil,97,3,Dwight,McNeil,Dwight McNeil,Dwight McNeil,1.56,0.0,0.0
125,125,125,Brady,98,3,Robbie,Brady,Robbie Brady,Robbie Brady,0.63,0.0,0.74
126,126,126,Defour,99,3,Steven,Defour,Steven Defour,Steven Defour,0.54,0.0,-1.58
127,127,127,Hendrick,100,3,Jeff,Hendrick,Jeff Hendrick,Jeff Hendrick,0.0,0.0,0.0
128,128,128,Westwood,101,3,Ashley,Westwood,Ashley Westwood,Ashley Westwood,0.0,0.0,0.52
129,129,129,Cork,102,3,Jack,Cork,Jack Cork,Jack Cork,0.0,0.0,0.0
130,130,130,Drinkwater,120,3,Daniel,Drinkwater,Daniel Drinkwater,Daniel Drinkwater,0.0,0.0,2.51
131,131,131,Lennon,430,3,Aaron,Lennon,Aaron Lennon,Aaron Lennon,0.0,0.0,2.13
132,132,132,Pieters,447,2,Erik,Pieters,Erik Pieters,Erik Pieters,1.26,0.0,2.32
133,133,133,Rodriguez,451,4,Jay,Rodriguez,Jay Rodriguez,Jay Rodriguez,1.39,0.0,1.1800000000000002
134,134,134,Peacock-Farrell,495,1,Bailey,Peacock-Farrell,Bailey Peacock-Farrell,Bailey PeacockFarrell,0.0,0.0,0.0
135,135,135,Alonso,103,2,Marcos,Alonso,Marcos Alonso,Marcos Alonso,0.0,0.0,21.130000000000003
136,136,136,Rüdiger,104,2,Antonio,Rüdiger,Antonio Rüdiger,Antonio Rudiger,3.34,0.0,5.379999999999999
137,137,137,Azpilicueta,105,2,César,Azpilicueta,César Azpilicueta,Cesar Azpilicueta,0.0,0.74,2.36
138,138,138,Emerson,107,2,Emerson,Palmieri dos Santos,Emerson Palmieri dos Santos,Emerson Palmieri dos Santos,1.79,0.0,1.54
139,139,139,Christensen,108,2,Andreas,Christensen,Andreas Christensen,Andreas Christensen,0.0,0.0,9.57
140,140,140,Zappacosta,109,2,Davide,Zappacosta,Davide Zappacosta,Davide Zappacosta,0.0,0.0,-1.0
141,141,141,Giroud,110,4,Olivier,Giroud,Olivier Giroud,Olivier Giroud,1.48,0.0,1.5
142,142,142,Kepa,111,1,Kepa,Arrizabalaga,Kepa Arrizabalaga,Kepa Arrizabalaga,0.0,0.5,2.5
143,143,143,Caballero,112,1,Willy,Caballero,Willy Caballero,Willy Caballero,0.0,0.0,0.0
144,144,144,Willian,113,3,Willian,Borges Da Silva,Willian Borges Da Silva,Willian Borges Da Silva,0.61,0.0,3.88
145,145,145,Pedro,114,3,Pedro,Rodríguez Ledesma,Pedro Rodríguez Ledesma,Pedro Rodriguez Ledesma,0.0,1.6800000000000002,7.550000000000001
146,146,146,Loftus-Cheek,115,3,Ruben,Loftus-Cheek,Ruben Loftus-Cheek,Ruben LoftusCheek,1.47,0.0,2.4
147,147,147,Hudson-Odoi,116,3,Callum,Hudson-Odoi,Callum Hudson-Odoi,Callum HudsonOdoi,0.0,0.0,0.49
148,148,148,Barkley,117,3,Ross,Barkley,Ross Barkley,Ross Barkley,1.78,0.0,5.7700000000000005
149,149,149,Jorginho,118,3,Jorge Luiz,Frello Filho,Jorge Luiz Frello Filho,Jorge Luiz Frello Filho,0.0,0.0,0.0
150,150,150,Kanté,119,3,N'Golo,Kanté,N'Golo Kanté,NGolo Kante,0.18999999999999995,0.0,7.43
151,151,151,Ampadu,121,3,Ethan,Ampadu,Ethan Ampadu,Ethan Ampadu,0.0,0.0,-1.0
152,152,152,Pulisic,431,3,Christian,Pulisic,Christian Pulisic,Christian Pulisic,0.61,0.6,7.84
153,153,153,Kovacic,432,3,Mateo,Kovacic,Mateo Kovacic,Mateo Kovacic,0.0,0.0,1.5999999999999999
154,154,154,Zouma,459,2,Kurt,Zouma,Kurt Zouma,Kurt Zouma,0.0,2.47,9.11
155,155,155,Abraham,460,4,Tammy,Abraham,Tammy Abraham,Tammy Abraham,0.49,0.0,1.28
156,156,156,Batshuayi,461,4,Michy,Batshuayi,Michy Batshuayi,Michy Batshuayi,0.0,0.0,0.0
157,157,157,Kenedy,462,3,Robert Kenedy,Nunes do Nascimento,Robert Kenedy Nunes do Nascimento,Robert Kenedy Nunes do Nascimento,0.0,0.0,8.120000000000001
158,158,158,Mount,463,3,Mason,Mount,Mason Mount,Mason Mount,1.7,0.0,11.549999999999999
159,159,159,James,506,2,Reece,James,Reece James,Reece James,5.57,0.0,19.169999999999998
160,160,160,Tomori,529,2,Fikayo,Tomori,Fikayo Tomori,Fikayo Tomori,0.0,0.0,0.0
161,161,161,van Aanholt,123,2,Patrick,van Aanholt,Patrick van Aanholt,Patrick van Aanholt,0.0,0.0,0.73
162,162,162,Tomkins,124,2,James,Tomkins,James Tomkins,James Tomkins,0.0,0.0,0.6400000000000001
163,163,163,Sakho,125,2,Mamadou,Sakho,Mamadou Sakho,Mamadou Sakho,1.75,0.0,7.309999999999999
164,164,164,Ward,126,2,Joel,Ward,Joel Ward,Joel Ward,0.0,0.0,2.24
165,165,165,Dann,127,2,Scott,Dann,Scott Dann,Scott Dann,1.36,-0.36,7.409999999999999
166,166,166,Kelly,128,2,Martin,Kelly,Martin Kelly,Martin Kelly,0.0,0.0,-1.0
167,167,167,Benteke,129,4,Christian,Benteke,Christian Benteke,Christian Benteke,0.0,0.0,0.0
168,168,168,Wickham,130,4,Connor,Wickham,Connor Wickham,Connor Wickham,0.7,0.0,0.71
169,169,169,Guaita,131,1,Vicente,Guaita,Vicente Guaita,Vicente Guaita,0.0,0.0,0.0
170,170,170,Hennessey,132,1,Wayne,Hennessey,Wayne Hennessey,Wayne Hennessey,0.0,0.0,2.15
171,171,171,Zaha,133,3,Wilfried,Zaha,Wilfried Zaha,Wilfried Zaha,3.34,0.0,19.769999999999996
172,172,172,Milivojevic,134,3,Luka,Milivojevic,Luka Milivojevic,Luka Milivojevic,0.71,0.0,1.78
173,173,173,Townsend,135,3,Andros,Townsend,Andros Townsend,Andros Townsend,0.0,0.0,4.9
174,174,174,Meyer,136,3,Max,Meyer,Max Meyer,Max Meyer,0.0,0.0,0.61
175,175,175,Schlupp,137,3,Jeffrey,Schlupp,Jeffrey Schlupp,Jeffrey Schlupp,0.0,0.0,2.37
176,176,176,McArthur,138,3,James,McArthur,James McArthur,James McArthur,0.0,0.0,0.0
177,177,177,Kouyaté,139,3,Cheikhou,Kouyaté,Cheikhou Kouyaté,Cheikhou Kouyate,0.0,0.0,0.0
178,178,178,Dreher,140,3,Luke,Dreher,Luke Dreher,Luke Dreher,0.0,0.0,0.0
179,179,179,McCarthy,157,3,James,McCarthy,James McCarthy,James McCarthy,1.52,0.0,3.87
180,180,180,Ayew,468,4,Jordan,Ayew,Jordan Ayew,Jordan Ayew,0.0,0.0,3.87
181,181,181,Cahill,503,2,Gary,Cahill,Gary Cahill,Gary Cahill,0.0,0.77,4.8100000000000005
182,182,182,Camarasa,510,3,Víctor,Camarasa,Víctor Camarasa,Victor Camarasa,0.0,0.0,0.0
183,183,183,Iwobi,17,3,Alex,Iwobi,Alex Iwobi,Alex Iwobi,0.0,0.0,3.92
184,184,184,Digne,141,2,Lucas,Digne,Lucas Digne,Lucas Digne,3.55,3.51,43.49999999999999
185,185,185,Mina,142,2,Yerry,Mina,Yerry Mina,Yerry Mina,0.0,0.0,17.74
186,186,186,Keane,143,2,Michael,Keane,Michael Keane,Michael Keane,1.78,0.0,6.659999999999999
187,187,187,Coleman,144,2,Seamus,Coleman,Seamus Coleman,Seamus Coleman,0.0,0.0,10.76
188,188,188,Baines,145,2,Leighton,Baines,Leighton Baines,Leighton Baines,0.0,0.0,4.95
189,189,189,Tosun,146,4,Cenk,Tosun,Cenk Tosun,Cenk Tosun,0.0,0.0,1.56
190,190,190,Calvert-Lewin,147,4,Dominic,Calvert-Lewin,Dominic Calvert-Lewin,Dominic CalvertLewin,1.74,0.0,3.9200000000000004
191,191,191,Pickford,148,1,Jordan,Pickford,Jordan Pickford,Jordan Pickford,1.74,0.0,17.519999999999996
192,192,192,Stekelenburg,149,1,Maarten,Stekelenburg,Maarten Stekelenburg,Maarten Stekelenburg,0.0,0.0,0.0
193,193,193,Richarlison,150,3,Richarlison,de Andrade,Richarlison de Andrade,Richarlison de Andrade,0.0,0.77,16.979999999999997
194,194,194,Sigurdsson,151,3,Gylfi,Sigurdsson,Gylfi Sigurdsson,Gylfi Sigurdsson,4.59,0.0,7.2700000000000005
195,195,195,Bernard,152,3,Bernard,Anício Caldeira Duarte,Bernard Anício Caldeira Duarte,Bernard Anicio Caldeira Duarte,0.0,0.0,0.0
196,196,196,Walcott,153,3,Theo,Walcott,Theo Walcott,Theo Walcott,0.0,1.76,5.210000000000001
197,197,197,Davies,154,3,Tom,Davies,Tom Davies,Tom Davies,0.78,0.0,0.77
198,198,198,Lookman,155,3,Ademola,Lookman,Ademola Lookman,Ademola Lookman,0.0,0.0,-1.0
199,199,199,Gueye,156,3,Idrissa,Gueye,Idrissa Gueye,Idrissa Gueye,0.0,0.0,-1.0
200,200,200,Schneiderlin,158,3,Morgan,Schneiderlin,Morgan Schneiderlin,Morgan Schneiderlin,0.0,0.0,0.69
201,201,201,Delph,205,2,Fabian,Delph,Fabian Delph,Fabian Delph,1.66,0.0,0.3500000000000001
202,202,202,André Gomes,422,3,André Filipe,Tavares Gomes,André Filipe Tavares Gomes,Andre Filipe Tavares Gomes,0.0,0.0,1.73
203,203,203,Gibson,477,2,Lewis,Gibson,Lewis Gibson,Lewis Gibson,0.0,0.0,0.0
204,204,204,Holgate,478,2,Mason,Holgate,Mason Holgate,Mason Holgate,0.0,0.0,0.0
205,205,205,Lössl,479,1,Jonas,Lössl,Jonas Lössl,Jonas Lossl,0.0,0.0,1.17
206,206,206,Kean,496,4,Moise,Kean,Moise Kean,Moise Kean,0.77,0.0,2.05
207,207,207,Gbamin,497,3,Jean-Philippe,Gbamin,Jean-Philippe Gbamin,JeanPhilippe Gbamin,0.6,0.0,0.73
208,208,208,Sidibé,511,2,Djibril,Sidibé,Djibril Sidibé,Djibril Sidibe,0.0,0.0,0.0
209,209,209,Pereira,159,2,Ricardo Domingos,Barbosa Pereira,Ricardo Domingos Barbosa Pereira,Ricardo Domingos Barbosa Pereira,0.47,0.0,6.390000000000001
210,210,210,Chilwell,161,2,Benjamin,Chilwell,Benjamin Chilwell,Benjamin Chilwell,0.0,0.0,-0.43999999999999995
211,211,211,Evans,162,2,Jonny,Evans,Jonny Evans,Jonny Evans,0.0,0.0,1.78
212,212,212,Fuchs,163,2,Christian,Fuchs,Christian Fuchs,Christian Fuchs,0.0,0.0,1.65
213,213,213,Söyüncü,164,2,Çaglar,Söyüncü,Çaglar Söyüncü,Caglar Soyuncu,1.52,0.0,1.42
214,214,214,Morgan,165,2,Wes,Morgan,Wes Morgan,Wes Morgan,0.62,0.0,0.0
215,215,215,Vardy,166,4,Jamie,Vardy,Jamie Vardy,Jamie Vardy,0.62,0.0,15.299999999999999
216,216,216,Iheanacho,167,4,Kelechi,Iheanacho,Kelechi Iheanacho,Kelechi Iheanacho,0.0,0.0,0.73
217,217,217,Schmeichel,168,1,Kasper,Schmeichel,Kasper Schmeichel,Kasper Schmeichel,0.0,0.0,0.0
218,218,218,Jakupovic,169,1,Eldin,Jakupovic,Eldin Jakupovic,Eldin Jakupovic,0.0,0.0,0.0
219,219,219,Ward,170,1,Danny,Ward,Danny Ward,Danny Ward,0.0,0.0,0.0
220,220,220,Maddison,171,3,James,Maddison,James Maddison,James Maddison,0.0,0.0,4.65
221,221,221,Barnes,172,3,Harvey,Barnes,Harvey Barnes,Harvey Barnes,0.0,0.0,0.0
222,222,222,Ghezzal,173,3,Rachid,Ghezzal,Rachid Ghezzal,Rachid Ghezzal,0.0,0.0,0.0
223,223,223,Albrighton,174,3,Marc,Albrighton,Marc Albrighton,Marc Albrighton,0.0,0.0,1.53
224,224,224,Gray,175,3,Demarai,Gray,Demarai Gray,Demarai Gray,0.0,-0.31999999999999995,1.7999999999999998
225,225,225,Ndidi,176,3,Wilfred,Ndidi,Wilfred Ndidi,Wilfred Ndidi,0.54,0.0,1.3399999999999999
226,226,226,James,177,3,Matty,James,Matty James,Matty James,0.0,0.0,-1.0
227,227,227,Amartey,178,3,Daniel,Amartey,Daniel Amartey,Daniel Amartey,0.0,0.0,0.0
228,228,228,Mendy,179,3,Nampalys,Mendy,Nampalys Mendy,Nampalys Mendy,4.02,0.0,23.120000000000008
229,229,229,Choudhury,180,3,Hamza,Choudhury,Hamza Choudhury,Hamza Choudhury,0.47,0.0,0.74
230,230,230,Pérez,265,3,Ayoze,Pérez,Ayoze Pérez,Ayoze Perez,0.0,0.0,8.89
231,231,231,Justin,433,2,James,Justin,James Justin,James Justin,0.0,0.0,0.0
232,232,232,Tielemans,448,3,Youri,Tielemans,Youri Tielemans,Youri Tielemans,0.0,0.0,5.01
233,233,233,King,480,3,Andy,King,Andy King,Andy King,0.0,0.0,-0.43000000000000005
234,234,234,Praet,517,3,Dennis,Praet,Dennis Praet,Dennis Praet,0.0,0.0,0.0
235,235,235,Robertson,181,2,Andrew,Robertson,Andrew Robertson,Andrew Robertson,10.16,0.0,39.52
236,236,236,Alexander-Arnold,182,2,Trent,Alexander-Arnold,Trent Alexander-Arnold,Trent AlexanderArnold,8.74,0.0,24.969999999999995
237,237,237,van Dijk,183,2,Virgil,van Dijk,Virgil van Dijk,Virgil van Dijk,3.17,1.55,8.35
238,238,238,Gomez,184,2,Joseph,Gomez,Joseph Gomez,Joseph Gomez,1.78,0.0,7.38
239,239,239,Matip,185,2,Joel,Matip,Joel Matip,Joel Matip,1.54,0.0,0.0
240,240,240,Lovren,186,2,Dejan,Lovren,Dejan Lovren,Dejan Lovren,1.62,0.0,2.68
241,241,241,Firmino,187,4,Roberto,Firmino,Roberto Firmino,Roberto Firmino,4.92,0.0,22.099999999999998
242,242,242,Origi,188,4,Divock,Origi,Divock Origi,Divock Origi,3.5700000000000003,0.0,0.0
243,243,243,Alisson,189,1,Alisson,Ramses Becker,Alisson Ramses Becker,Alisson Ramses Becker,0.58,0.0,8.760000000000002
244,244,244,Mignolet,190,1,Simon,Mignolet,Simon Mignolet,Simon Mignolet,0.0,0.0,-1.0
245,245,245,Salah,191,3,Mohamed,Salah,Mohamed Salah,Mohamed Salah,13.72,2.94,95.91999999999999
246,246,246,Mané,192,3,Sadio,Mané,Sadio Mané,Sadio Mane,4.17,1.65,51.900000000000006
247,247,247,Chamberlain,193,3,Alex,Oxlade-Chamberlain,Alex Oxlade-Chamberlain,Alex OxladeChamberlain,0.0,0.0,10.579999999999998
248,248,248,Shaqiri,194,3,Xherdan,Shaqiri,Xherdan Shaqiri,Xherdan Shaqiri,0.74,0.0,0.47
249,249,249,Lallana,195,3,Adam,Lallana,Adam Lallana,Adam Lallana,0.0,0.0,1.71
250,250,250,Keita,196,3,Naby,Keita,Naby Keita,Naby Keita,0.0,0.0,0.8399999999999999
251,251,251,Fabinho,197,3,Fabio Henrique,Tavares,Fabio Henrique Tavares,Fabio Henrique Tavares,0.0,0.0,0.0
252,252,252,Henderson,198,3,Jordan,Henderson,Jordan Henderson,Jordan Henderson,2.5,1.3199999999999998,3.5300000000000002
253,253,253,Wijnaldum,199,3,Georginio,Wijnaldum,Georginio Wijnaldum,Georginio Wijnaldum,0.0,0.0,4.470000000000001
254,254,254,Milner,200,3,James,Milner,James Milner,James Milner,0.0,0.0,2.33
255,255,255,Camacho,201,3,Rafael,Camacho,Rafael Camacho,Rafael Camacho,0.0,0.0,-1.37
256,256,256,Brewster,464,4,Rhian,Brewster,Rhian Brewster,Rhian Brewster,0.0,0.0,0.0
257,257,257,Adrián,526,1,Adrián,San Miguel del Castillo,Adrián San Miguel del Castillo,Adrian San Miguel del Castillo,0.0,0.0,4.83
258,258,258,Lonergan,530,1,Andy,Lonergan,Andy Lonergan,Andy Lonergan,0.0,0.0,0.0
259,259,259,Kelleher,531,1,Caoimhin,Kelleher,Caoimhin Kelleher,Caoimhin Kelleher,0.0,0.0,0.0
260,260,260,Laporte,202,2,Aymeric,Laporte,Aymeric Laporte,Aymeric Laporte,4.77,0.0,9.02
261,261,261,Walker,203,2,Kyle,Walker,Kyle Walker,Kyle Walker,0.49,1.73,11.02
262,262,262,Mendy,204,2,Benjamin,Mendy,Benjamin Mendy,Benjamin Mendy,0.0,0.0,-1.0
263,263,263,Zinchenko,206,2,Oleksandr,Zinchenko,Oleksandr Zinchenko,Oleksandr Zinchenko,2.13,0.0,8.700000000000001
264,264,264,Stones,207,2,John,Stones,John Stones,John Stones,0.0,0.0,6.27
265,265,265,Otamendi,208,2,Nicolás,Otamendi,Nicolás Otamendi,Nicolas Otamendi,0.0,0.0,5.92
266,266,266,Danilo,209,2,Danilo Luiz,da Silva,Danilo Luiz da Silva,Danilo Luiz da Silva,0.0,0.0,0.0
267,267,267,Agüero,210,4,Sergio,Agüero,Sergio Agüero,Sergio Aguero,4.84,0.0,35.75000000000001
268,268,268,Jesus,211,4,Gabriel Fernando,de Jesus,Gabriel Fernando de Jesus,Gabriel Fernando de Jesus,1.77,0.0,1.58
269,269,269,Ederson,212,1,Ederson,Santana de Moraes,Ederson Santana de Moraes,Ederson Santana de Moraes,3.27,0.0,9.32
270,270,270,Bravo,213,1,Claudio,Bravo,Claudio Bravo,Claudio Bravo,0.0,0.0,0.0
271,271,271,Sterling,214,3,Raheem,Sterling,Raheem Sterling,Raheem Sterling,9.83,5.11,47.77000000000001
272,272,272,De Bruyne,215,3,Kevin,De Bruyne,Kevin De Bruyne,Kevin De Bruyne,3.5,-0.23,24.080000000000002
273,273,273,Sané,216,3,Leroy,Sané,Leroy Sané,Leroy Sane,1.49,0.0,4.95
274,274,274,Mahrez,217,3,Riyad,Mahrez,Riyad Mahrez,Riyad Mahrez,1.15,1.65,5.9799999999999995
275,275,275,Bernardo Silva,218,3,Bernardo Mota,Veiga de Carvalho e Silva,Bernardo Mota Veiga de Carvalho e Silva,Bernardo Mota Veiga de Carvalho e Silva,0.0,0.0,0.0
276,276,276,David Silva,219,3,David,Silva,David Silva,David Silva,2.49,0.0,28.0
277,277,277,Foden,220,3,Phil,Foden,Phil Foden,Phil Foden,0.0,0.0,0.0
278,278,278,Fernandinho,221,3,Fernando,Luiz Rosa,Fernando Luiz Rosa,Fernando Luiz Rosa,0.0,0.0,0.0
279,279,279,Gündogan,222,3,Ilkay,Gündogan,Ilkay Gündogan,Ilkay Gundogan,0.0,0.0,1.5
280,280,280,Angeliño,440,2,José Ángel,Esmorís Tasende,José Ángel Esmorís Tasende,Jose Angel Esmoris Tasende,0.0,0.0,0.0
281,281,281,Rodrigo,443,3,Rodrigo,Hernandez,Rodrigo Hernandez,Rodrigo Hernandez,0.0,0.0,0.0
282,282,282,Cancelo,518,2,João Pedro Cavaco,Cancelo,João Pedro Cavaco Cancelo,Joao Pedro Cavaco Cancelo,0.0,0.0,0.0
283,283,283,Wan-Bissaka,122,2,Aaron,Wan-Bissaka,Aaron Wan-Bissaka,Aaron WanBissaka,2.89,0.0,26.509999999999998
284,284,284,Maguire,160,2,Harry,Maguire,Harry Maguire,Harry Maguire,1.63,1.46,10.92
285,285,285,Smalling,223,2,Chris,Smalling,Chris Smalling,Chris Smalling,0.0,0.0,1.38
286,286,286,Young,224,2,Ashley,Young,Ashley Young,Ashley Young,0.0,0.0,2.44
287,287,287,Lindelöf,225,2,Victor,Lindelöf,Victor Lindelöf,Victor Lindelof,0.0,0.0,0.0
288,288,288,Shaw,226,2,Luke,Shaw,Luke Shaw,Luke Shaw,0.0,0.0,4.02
289,289,289,Rojo,227,2,Marcos,Rojo,Marcos Rojo,Marcos Rojo,0.0,0.0,0.0
290,290,290,Bailly,228,2,Eric,Bailly,Eric Bailly,Eric Bailly,0.63,0.0,-1.0
291,291,291,Dalot,229,2,José Diogo,Dalot Teixeira,José Diogo Dalot Teixeira,Jose Diogo Dalot Teixeira,0.0,0.0,0.0
292,292,292,Darmian,230,2,Matteo,Darmian,Matteo Darmian,Matteo Darmian,0.0,0.0,0.0
293,293,293,Jones,231,2,Phil,Jones,Phil Jones,Phil Jones,0.0,0.0,0.77
294,294,294,Lukaku,232,4,Romelu,Lukaku,Romelu Lukaku,Romelu Lukaku,0.0,0.0,10.94
295,295,295,Rashford,233,4,Marcus,Rashford,Marcus Rashford,Marcus Rashford,5.64,5.29,20.319999999999997
296,296,296,Greenwood,234,4,Mason,Greenwood,Mason Greenwood,Mason Greenwood,0.0,0.0,0.0
297,297,297,de Gea,235,1,David,de Gea,David de Gea,David de Gea,3.54,1.5,3.08
298,298,298,Romero,236,1,Sergio,Romero,Sergio Romero,Sergio Romero,0.0,0.0,0.0
299,299,299,Grant,237,1,Lee,Grant,Lee Grant,Lee Grant,1.58,0.0,2.23
300,300,300,Pogba,238,3,Paul,Pogba,Paul Pogba,Paul Pogba,0.56,0.0,9.48
301,301,301,Martial,239,3,Anthony,Martial,Anthony Martial,Anthony Martial,1.76,0.0,31.019999999999996
302,302,302,Sánchez,240,3,Alexis,Sánchez,Alexis Sánchez,Alexis Sanchez,0.0,0.0,2.49
303,303,303,Lingard,241,3,Jesse,Lingard,Jesse Lingard,Jesse Lingard,0.0,0.0,1.77
304,304,304,Mata,242,3,Juan,Mata,Juan Mata,Juan Mata,0.0,0.0,0.0
305,305,305,James,243,3,Daniel,James,Daniel James,Daniel James,0.0,0.0,-1.0
306,306,306,Fred,244,3,Frederico,Rodrigues de Paula Santos,Frederico Rodrigues de Paula Santos,Frederico Rodrigues de Paula Santos,0.0,0.0,0.0
307,307,307,Gomes,245,3,Angel,Gomes,Angel Gomes,Angel Gomes,0.49,0.0,-0.31000000000000005
308,308,308,Pereira,246,3,Andreas,Pereira,Andreas Pereira,Andreas Pereira,0.0,0.0,1.71
309,309,309,Matic,247,3,Nemanja,Matic,Nemanja Matic,Nemanja Matic,0.0,0.0,0.0
310,310,310,McTominay,248,3,Scott,McTominay,Scott McTominay,Scott McTominay,0.0,0.0,0.0
311,311,311,Chong,249,3,Tahith,Chong,Tahith Chong,Tahith Chong,0.0,0.0,0.0
312,312,312,Garner,250,3,James,Garner,James Garner,James Garner,0.0,0.0,0.0
313,313,313,Tuanzebe,481,2,Axel,Tuanzebe,Axel Tuanzebe,Axel Tuanzebe,0.0,0.0,0.0
314,314,314,Ritchie,251,2,Matt,Ritchie,Matt Ritchie,Matt Ritchie,0.0,0.0,1.5
315,315,315,Schär,252,2,Fabian,Schär,Fabian Schär,Fabian Schar,0.0,0.0,0.0
316,316,316,Yedlin,253,2,DeAndre,Yedlin,DeAndre Yedlin,DeAndre Yedlin,0.61,0.0,-0.28
317,317,317,Fernández,254,2,Federico,Fernández,Federico Fernández,Federico Fernandez,0.0,0.0,0.0
318,318,318,Dummett,255,2,Paul,Dummett,Paul Dummett,Paul Dummett,0.0,0.0,0.0
319,319,319,Manquillo,256,2,Javier,Manquillo,Javier Manquillo,Javier Manquillo,0.0,0.0,1.3
320,320,320,Lejeune,257,2,Florian,Lejeune,Florian Lejeune,Florian Lejeune,0.6,0.0,-1.0
321,321,321,Lascelles,258,2,Jamaal,Lascelles,Jamaal Lascelles,Jamaal Lascelles,0.0,0.0,0.69
322,322,322,Clark,259,2,Ciaran,Clark,Ciaran Clark,Ciaran Clark,0.0,0.0,0.0
323,323,323,Muto,260,4,Yoshinori,Muto,Yoshinori Muto,Yoshinori Muto,0.0,0.0,0.0
324,324,324,Joselu,261,4,Jose Luis,Mato Sanmartín,Jose Luis Mato Sanmartín,Jose Luis Mato Sanmartin,0.0,0.0,0.0
325,325,325,Dubravka,262,1,Martin,Dubravka,Martin Dubravka,Martin Dubravka,0.0,0.0,0.0
326,326,326,Darlow,263,1,Karl,Darlow,Karl Darlow,Karl Darlow,0.0,0.0,0.0
327,327,327,Woodman,264,1,Frederick,Woodman,Frederick Woodman,Frederick Woodman,0.0,0.0,-1.0
328,328,328,Almirón,266,3,Miguel,Almirón,Miguel Almirón,Miguel Almiron,1.77,0.0,2.29
329,329,329,Atsu,267,3,Christian,Atsu,Christian Atsu,Christian Atsu,0.0,0.0,-0.28
330,330,330,Ki Sung-yueng,268,3,Sung-yueng,Ki,Sung-yueng Ki,Sungyueng Ki,0.0,0.0,4.34
331,331,331,Shelvey,269,3,Jonjo,Shelvey,Jonjo Shelvey,Jonjo Shelvey,0.0,0.0,0.0
332,332,332,Longstaff,270,3,Sean,Longstaff,Sean Longstaff,Sean Longstaff,0.0,0.0,0.0
333,333,333,Hayden,271,3,Isaac,Hayden,Isaac Hayden,Isaac Hayden,0.0,0.0,1.5899999999999999
334,334,334,Joelinton,466,4,Joelinton Cássio,Apolinário de Lira,Joelinton Cássio Apolinário de Lira,Joelinton Cassio Apolinario de Lira,0.66,0.0,2.52
335,335,335,Colback,482,3,Jack,Colback,Jack Colback,Jack Colback,0.0,0.0,-1.0
336,336,336,Murphy,483,3,Jacob,Murphy,Jacob Murphy,Jacob Murphy,0.0,0.0,2.03
337,337,337,Willems,498,2,Jetro,Willems,Jetro Willems,Jetro Willems,0.75,0.0,0.0
338,338,338,Aarons,499,3,Rolando,Aarons,Rolando Aarons,Rolando Aarons,0.0,0.0,1.76
339,339,339,Saint-Maximin,500,3,Allan,Saint-Maximin,Allan Saint-Maximin,Allan SaintMaximin,0.72,0.0,0.77
340,340,340,Krafth,519,2,Emil,Krafth,Emil Krafth,Emil Krafth,0.0,0.0,0.0
341,341,341,Carroll,520,4,Andy,Carroll,Andy Carroll,Andy Carroll,0.0,0.0,3.2200000000000006
342,342,342,Klose,272,2,Timm,Klose,Timm Klose,Timm Klose,1.63,0.0,-1.0
343,343,343,Godfrey,273,2,Ben,Godfrey,Ben Godfrey,Ben Godfrey,0.0,0.0,1.6600000000000001
344,344,344,Aarons,274,2,Maximillian,Aarons,Maximillian Aarons,Maximillian Aarons,0.0,0.0,0.0
345,345,345,Zimmermann,275,2,Christoph,Zimmermann,Christoph Zimmermann,Christoph Zimmermann,1.56,0.0,-1.0
346,346,346,Lewis,276,2,Jamal,Lewis,Jamal Lewis,Jamal Lewis,0.75,0.0,0.0
347,347,347,Hanley,277,2,Grant,Hanley,Grant Hanley,Grant Hanley,1.22,0.0,0.0
348,348,348,Pukki,278,4,Teemu,Pukki,Teemu Pukki,Teemu Pukki,3.01,2.44,44.54000000000001
349,349,349,Srbeny,279,4,Dennis,Srbeny,Dennis Srbeny,Dennis Srbeny,0.0,0.0,0.0
350,350,350,Krul,280,1,Tim,Krul,Tim Krul,Tim Krul,0.57,0.0,0.0
351,351,351,McGovern,281,1,Michael,McGovern,Michael McGovern,Michael McGovern,0.0,0.0,0.0
352,352,352,Vrancic,282,3,Mario,Vrancic,Mario Vrancic,Mario Vrancic,0.0,0.0,0.0
353,353,353,Buendía,283,3,Emiliano,Buendía,Emiliano Buendía,Emiliano Buendia,1.55,0.0,0.0
354,354,354,Hernández,284,3,Onel,Hernández,Onel Hernández,Onel Hernandez,0.0,0.0,-0.25
355,355,355,Stiepermann,285,3,Marco,Stiepermann,Marco Stiepermann,Marco Stiepermann,0.0,0.0,0.0
356,356,356,McLean,286,3,Kenny,McLean,Kenny McLean,Kenny McLean,0.0,0.0,0.0
357,357,357,Cantwell,287,3,Todd,Cantwell,Todd Cantwell,Todd Cantwell,0.0,1.77,3.34
358,358,358,Leitner,288,3,Moritz,Leitner,Moritz Leitner,Moritz Leitner,0.0,0.0,0.0
359,359,359,Tettey,289,3,Alexander,Tettey,Alexander Tettey,Alexander Tettey,1.6800000000000002,0.0,0.0
360,360,360,Trybull,290,3,Tom,Trybull,Tom Trybull,Tom Trybull,0.0,0.0,0.0
361,361,361,Drmic,434,4,Josip,Drmic,Josip Drmic,Josip Drmic,0.0,0.0,-1.0
362,362,362,Roberts,435,3,Patrick,Roberts,Patrick Roberts,Patrick Roberts,0.62,0.0,0.0
363,363,363,Fahrmann,449,1,Ralf,Fahrmann,Ralf Fahrmann,Ralf Fahrmann,0.5,0.0,0.0
364,364,364,Byram,454,2,Sam,Byram,Sam Byram,Sam Byram,0.0,0.0,0.0
365,365,365,Heise,484,2,Philip,Heise,Philip Heise,Philip Heise,0.0,0.0,1.53
366,366,366,Amadou,507,3,Ibrahim,Amadou,Ibrahim Amadou,Ibrahim Amadou,0.0,0.0,0.0
367,367,367,Mousset,70,4,Lys,Mousset,Lys Mousset,Lys Mousset,1.48,0.0,0.0
368,368,368,Stevens,291,2,Enda,Stevens,Enda Stevens,Enda Stevens,0.0,4.86,0.0
369,369,369,Freeman,292,2,Kieron,Freeman,Kieron Freeman,Kieron Freeman,0.48,0.0,1.9500000000000002
370,370,370,O'Connell,293,2,Jack,O'Connell,Jack O'Connell,Jack OConnell,0.0,0.0,0.0
371,371,371,Baldock,294,2,George,Baldock,George Baldock,George Baldock,0.0,0.0,0.0
372,372,372,Egan,295,2,John,Egan,John Egan,John Egan,0.0,0.0,0.0
373,373,373,Stearman,296,2,Richard,Stearman,Richard Stearman,Richard Stearman,0.0,0.0,0.0
374,374,374,Lundstram,297,2,John,Lundstram,John Lundstram,John Lundstram,3.24,3.08,13.43
375,375,375,Sharp,298,4,Billy,Sharp,Billy Sharp,Billy Sharp,3.3,0.0,0.0
376,376,376,Eastwood,299,1,Jake,Eastwood,Jake Eastwood,Jake Eastwood,0.0,0.0,0.0
377,377,377,Duffy,300,3,Mark,Duffy,Mark Duffy,Mark Duffy,0.0,0.0,-1.0
378,378,378,Fleck,301,3,John,Fleck,John Fleck,John Fleck,0.0,0.0,-1.0
379,379,379,Norwood,302,3,Oliver,Norwood,Oliver Norwood,Oliver Norwood,0.0,0.0,0.52
380,380,380,McGoldrick,303,4,David,McGoldrick,David McGoldrick,David McGoldrick,1.69,0.0,0.71
381,381,381,Basham,423,2,Chris,Basham,Chris Basham,Chris Basham,0.0,0.0,0.0
382,382,382,Moore,436,1,Simon,Moore,Simon Moore,Simon Moore,0.0,0.0,0.0
383,383,383,Freeman,441,3,Luke,Freeman,Luke Freeman,Luke Freeman,0.0,0.0,0.0
384,384,384,Jagielka,444,2,Phil,Jagielka,Phil Jagielka,Phil Jagielka,0.0,0.0,0.76
385,385,385,Robinson,453,3,Callum,Robinson,Callum Robinson,Callum Robinson,1.96,1.79,1.67
386,386,386,Morrison,456,3,Ravel,Morrison,Ravel Morrison,Ravel Morrison,0.55,0.0,0.0
387,387,387,Henderson,471,1,Dean,Henderson,Dean Henderson,Dean Henderson,0.0,0.0,0.0
388,388,388,Osborn,472,3,Ben,Osborn,Ben Osborn,Ben Osborn,0.48,0.0,0.0
389,389,389,McBurnie,501,4,Oliver,McBurnie,Oliver McBurnie,Oliver McBurnie,0.0,0.0,0.0
390,390,390,Verrips,521,1,Michael,Verrips,Michael Verrips,Michael Verrips,0.0,0.0,0.0
391,391,391,Bešić,522,3,Muhamed,Bešić,Muhamed Bešić,Muhamed Besic,0.0,0.0,0.0
392,392,392,Vestergaard,304,2,Jannik,Vestergaard,Jannik Vestergaard,Jannik Vestergaard,0.0,0.0,0.49
393,393,393,Bertrand,305,2,Ryan,Bertrand,Ryan Bertrand,Ryan Bertrand,0.0,0.0,1.74
394,394,394,Valery,306,2,Yan,Valery,Yan Valery,Yan Valery,0.0,0.0,1.63
395,395,395,Bednarek,307,2,Jan,Bednarek,Jan Bednarek,Jan Bednarek,0.0,0.0,0.0
396,396,396,Stephens,308,2,Jack,Stephens,Jack Stephens,Jack Stephens,0.0,0.0,0.0
397,397,397,Yoshida,310,2,Maya,Yoshida,Maya Yoshida,Maya Yoshida,0.0,0.0,0.0
398,398,398,Ramsay,311,2,Kayne,Ramsay,Kayne Ramsay,Kayne Ramsay,0.0,0.0,0.0
399,399,399,Austin,312,4,Charlie,Austin,Charlie Austin,Charlie Austin,0.0,0.0,-1.0
400,400,400,Ings,313,4,Danny,Ings,Danny Ings,Danny Ings,0.0,0.0,1.04
401,401,401,Obafemi,314,4,Michael,Obafemi,Michael Obafemi,Michael Obafemi,0.0,0.0,0.0
402,402,402,Long,315,4,Shane,Long,Shane Long,Shane Long,0.0,0.0,0.0
403,403,403,Gallagher,316,4,Sam,Gallagher,Sam Gallagher,Sam Gallagher,0.0,0.0,-1.0
404,404,404,Forster,317,1,Fraser,Forster,Fraser Forster,Fraser Forster,0.0,0.0,0.0
405,405,405,McCarthy,318,1,Alex,McCarthy,Alex McCarthy,Alex McCarthy,0.0,0.0,0.0
406,406,406,Gunn,319,1,Angus,Gunn,Angus Gunn,Angus Gunn,2.36,3.28,32.1
407,407,407,Redmond,320,3,Nathan,Redmond,Nathan Redmond,Nathan Redmond,0.0,0.58,2.62
408,408,408,Ward-Prowse,321,3,James,Ward-Prowse,James Ward-Prowse,James WardProwse,0.0,0.0,0.0
409,409,409,Elyounoussi,322,3,Mohamed,Elyounoussi,Mohamed Elyounoussi,Mohamed Elyounoussi,0.0,0.0,0.78
410,410,410,Armstrong,323,3,Stuart,Armstrong,Stuart Armstrong,Stuart Armstrong,0.0,0.0,0.0
411,411,411,Lemina,324,3,Mario,Lemina,Mario Lemina,Mario Lemina,0.0,0.0,0.0
412,412,412,Højbjerg,325,3,Pierre-Emile,Højbjerg,Pierre-Emile Højbjerg,PierreEmile Hojbjerg,0.0,0.0,0.0
413,413,413,Johnson,326,3,Tyreke,Johnson,Tyreke Johnson,Tyreke Johnson,0.0,0.0,-1.0
414,414,414,Slattery,327,3,Callum,Slattery,Callum Slattery,Callum Slattery,0.0,0.0,0.0
415,415,415,Oriol Romeu,328,3,Oriol,Romeu Vidal,Oriol Romeu Vidal,Oriol Romeu Vidal,0.0,0.0,0.0
416,416,416,Adams,437,4,Che,Adams,Che Adams,Che Adams,5.2700000000000005,0.0,0.57
417,417,417,Djenepo,438,3,Moussa,Djenepo,Moussa Djenepo,Moussa Djenepo,1.48,0.0,0.0
418,418,418,Hoedt,485,2,Wesley,Hoedt,Wesley Hoedt,Wesley Hoedt,0.0,0.0,0.73
419,419,419,Cédric,486,2,Cédric,Soares,Cédric Soares,Cedric Soares,0.0,0.0,1.26
420,420,420,Boufal,508,3,Sofiane,Boufal,Sofiane Boufal,Sofiane Boufal,0.0,0.0,0.0
421,421,421,Danso,532,2,Kevin,Danso,Kevin Danso,Kevin Danso,0.0,0.0,0.0
422,422,422,Davies,329,2,Ben,Davies,Ben Davies,Ben Davies,0.0,0.0,0.0
423,423,423,Vertonghen,330,2,Jan,Vertonghen,Jan Vertonghen,Jan Vertonghen,0.77,0.0,1.5699999999999998
424,424,424,Alderweireld,331,2,Toby,Alderweireld,Toby Alderweireld,Toby Alderweireld,0.0,0.0,1.73
425,425,425,Rose,332,2,Danny,Rose,Danny Rose,Danny Rose,0.0,0.0,0.0
426,426,426,Sánchez,333,2,Davinson,Sánchez,Davinson Sánchez,Davinson Sanchez,0.0,0.0,0.0
427,427,427,Trippier,334,2,Kieran,Trippier,Kieran Trippier,Kieran Trippier,0.0,0.0,1.23
428,428,428,Foyth,335,2,Juan,Foyth,Juan Foyth,Juan Foyth,0.71,0.0,-1.0
429,429,429,Aurier,336,2,Serge,Aurier,Serge Aurier,Serge Aurier,0.57,0.0,0.77
430,430,430,Walker-Peters,337,2,Kyle,Walker-Peters,Kyle Walker-Peters,Kyle WalkerPeters,0.0,0.0,0.0
431,431,431,Kane,338,4,Harry,Kane,Harry Kane,Harry Kane,15.329999999999998,6.16,55.28999999999999
432,432,432,Janssen,339,4,Vincent,Janssen,Vincent Janssen,Vincent Janssen,0.0,0.0,-0.39
433,433,433,Lloris,340,1,Hugo,Lloris,Hugo Lloris,Hugo Lloris,1.79,0.0,5.18
434,434,434,Gazzaniga,341,1,Paulo,Gazzaniga,Paulo Gazzaniga,Paulo Gazzaniga,0.0,0.0,0.0
435,435,435,Son,342,3,Heung-Min,Son,Heung-Min Son,HeungMin Son,0.78,0.0,11.389999999999999
436,436,436,Eriksen,343,3,Christian,Eriksen,Christian Eriksen,Christian Eriksen,0.75,0.0,10.01
437,437,437,Alli,344,3,Bamidele,Alli,Bamidele Alli,Bamidele Alli,1.75,0.0,5.779999999999999
438,438,438,Lucas Moura,345,3,Lucas,Rodrigues Moura da Silva,Lucas Rodrigues Moura da Silva,Lucas Rodrigues Moura da Silva,1.25,0.0,1.83
439,439,439,Lamela,346,3,Erik,Lamela,Erik Lamela,Erik Lamela,1.45,-0.41,2.38
440,440,440,Winks,347,3,Harry,Winks,Harry Winks,Harry Winks,0.0,0.0,0.0
441,441,441,Wanyama,348,3,Victor,Wanyama,Victor Wanyama,Victor Wanyama,0.46,0.0,0.0
442,442,442,Sissoko,349,3,Moussa,Sissoko,Moussa Sissoko,Moussa Sissoko,0.0,0.0,0.0
443,443,443,Dier,350,3,Eric,Dier,Eric Dier,Eric Dier,1.46,0.0,0.0
444,444,444,Amos,351,3,Luke,Amos,Luke Amos,Luke Amos,0.0,0.0,-1.0
445,445,445,Skipp,352,3,Oliver,Skipp,Oliver Skipp,Oliver Skipp,0.0,0.0,0.0
446,446,446,Ndombele,442,3,Tanguy,Ndombele,Tanguy Ndombele,Tanguy Ndombele,0.71,0.0,5.220000000000001
447,447,447,Parrott,509,4,Troy,Parrott,Troy Parrott,Troy Parrott,0.0,0.0,0.0
448,448,448,Lo Celso,523,3,Giovani,Lo Celso,Giovani Lo Celso,Giovani Lo Celso,0.51,0.0,0.0
449,449,449,Sessegnon,524,3,Ryan,Sessegnon,Ryan Sessegnon,Ryan Sessegnon,0.0,0.0,0.0
450,450,450,Nkoudou,527,3,Georges-Kévin,Nkoudou,Georges-Kévin Nkoudou,GeorgesKevin Nkoudou,0.0,0.0,-1.0
451,451,451,Holebas,353,2,José,Holebas,José Holebas,Jose Holebas,0.0,0.0,7.15
452,452,452,Kabasele,354,2,Christian,Kabasele,Christian Kabasele,Christian Kabasele,0.77,0.0,0.0
453,453,453,Masina,355,2,Adam,Masina,Adam Masina,Adam Masina,0.0,0.0,0.0
454,454,454,Mariappa,356,2,Adrian,Mariappa,Adrian Mariappa,Adrian Mariappa,0.0,0.0,0.0
455,455,455,Kiko Femenía,357,2,Francisco,Femenía Far,Francisco Femenía Far,Francisco Femenia Far,0.0,0.0,1.44
456,456,456,Cathcart,358,2,Craig,Cathcart,Craig Cathcart,Craig Cathcart,0.0,0.0,0.0
457,457,457,Janmaat,359,2,Daryl,Janmaat,Daryl Janmaat,Daryl Janmaat,0.0,0.0,0.0
458,458,458,Navarro,360,2,Marc,Navarro,Marc Navarro,Marc Navarro,0.0,0.0,-1.0
459,459,459,Prödl,361,2,Sebastian,Prödl,Sebastian Prödl,Sebastian Prodl,0.0,0.0,0.0
460,460,460,Deeney,362,4,Troy,Deeney,Troy Deeney,Troy Deeney,0.61,0.0,8.47
461,461,461,Deulofeu,363,4,Gerard,Deulofeu,Gerard Deulofeu,Gerard Deulofeu,3.84,0.0,6.789999999999999
462,462,462,Gray,364,4,Andre,Gray,Andre Gray,Andre Gray,0.0,0.0,0.0
463,463,463,Success,365,4,Isaac,Success Ajayi,Isaac Success Ajayi,Isaac Success Ajayi,0.0,0.0,3.4000000000000004
464,464,464,Foster,366,1,Ben,Foster,Ben Foster,Ben Foster,0.0,0.0,2.16
465,465,465,Dahlberg,367,1,Pontus,Dahlberg,Pontus Dahlberg,Pontus Dahlberg,0.0,0.0,0.0
466,466,466,Doucouré,368,3,Abdoulaye,Doucouré,Abdoulaye Doucouré,Abdoulaye Doucoure,0.0,0.0,0.0
467,467,467,Pereyra,369,3,Roberto,Pereyra,Roberto Pereyra,Roberto Pereyra,1.53,0.0,2.18
468,468,468,Hughes,370,3,Will,Hughes,Will Hughes,Will Hughes,0.0,0.0,0.7
469,469,469,Cleverley,371,3,Tom,Cleverley,Tom Cleverley,Tom Cleverley,0.0,0.0,0.0
470,470,470,Sema,372,3,Ken,Sema,Ken Sema,Ken Sema,0.0,0.0,-1.0
471,471,471,Capoue,373,3,Etienne,Capoue,Etienne Capoue,Etienne Capoue,0.0,0.0,1.95
472,472,472,Chalobah,374,3,Nathaniel,Chalobah,Nathaniel Chalobah,Nathaniel Chalobah,0.0,0.0,0.0
473,473,473,Quina,375,3,Domingos,Quina,Domingos Quina,Domingos Quina,0.0,0.0,0.0
474,474,474,Dawson,439,2,Craig,Dawson,Craig Dawson,Craig Dawson,0.75,0.0,-0.48
475,475,475,Welbeck,512,4,Danny,Welbeck,Danny Welbeck,Danny Welbeck,0.0,0.0,0.0
476,476,476,Gomes,513,1,Heurelho da Silva,Gomes,Heurelho da Silva Gomes,Heurelho da Silva Gomes,0.0,0.0,0.0
477,477,477,Sarr,525,3,Ismaïla,Sarr,Ismaïla Sarr,Ismaila Sarr,0.0,0.0,14.44
478,478,478,Cresswell,376,2,Aaron,Cresswell,Aaron Cresswell,Aaron Cresswell,0.0,-0.41,0.0
479,479,479,Ogbonna,377,2,Angelo,Ogbonna,Angelo Ogbonna,Angelo Ogbonna,0.0,0.0,0.0
480,480,480,Masuaku,378,2,Arthur,Masuaku,Arthur Masuaku,Arthur Masuaku,0.0,0.0,0.0
481,481,481,Zabaleta,379,2,Pablo,Zabaleta,Pablo Zabaleta,Pablo Zabaleta,0.0,0.0,0.0
482,482,482,Fredericks,380,2,Ryan,Fredericks,Ryan Fredericks,Ryan Fredericks,0.0,0.0,0.0
483,483,483,Diop,381,2,Issa,Diop,Issa Diop,Issa Diop,0.0,0.0,0.0
484,484,484,Balbuena,382,2,Fabián,Balbuena,Fabián Balbuena,Fabian Balbuena,0.0,0.0,2.4699999999999998
485,485,485,Reid,383,2,Winston,Reid,Winston Reid,Winston Reid,0.0,0.0,2.41
486,486,486,Johnson,384,2,Ben,Johnson,Ben Johnson,Ben Johnson,0.0,0.0,-1.0
487,487,487,Arnautovic,385,4,Marko,Arnautovic,Marko Arnautovic,Marko Arnautovic,0.0,0.0,6.1899999999999995
488,488,488,Chicharito,386,4,Javier,Hernández Balcázar,Javier Hernández Balcázar,Javier Hernandez Balcazar,0.0,0.0,0.0
489,489,489,Xande Silva,387,4,Alexandre Nascimento,Costa Silva,Alexandre Nascimento Costa Silva,Alexandre Nascimento Costa Silva,0.0,0.0,0.0
490,490,490,Fabianski,388,1,Lukasz,Fabianski,Lukasz Fabianski,Lukasz Fabianski,1.49,0.0,3.8
491,491,491,Antonio,389,3,Michail,Antonio,Michail Antonio,Michail Antonio,0.0,0.0,3.06
492,492,492,Felipe Anderson,390,3,Felipe Anderson,Pereira Gomes,Felipe Anderson Pereira Gomes,Felipe Anderson Pereira Gomes,0.0,0.0,2.48
493,493,493,Lanzini,391,3,Manuel,Lanzini,Manuel Lanzini,Manuel Lanzini,0.66,0.67,2.69
494,494,494,Yarmolenko,392,3,Andriy,Yarmolenko,Andriy Yarmolenko,Andriy Yarmolenko,0.71,0.0,1.48
495,495,495,Snodgrass,393,3,Robert,Snodgrass,Robert Snodgrass,Robert Snodgrass,0.0,0.0,0.0
496,496,496,Wilshere,394,3,Jack,Wilshere,Jack Wilshere,Jack Wilshere,0.58,0.0,1.77
497,497,497,Rice,395,3,Declan,Rice,Declan Rice,Declan Rice,0.0,0.0,3.54
498,498,498,Noble,396,3,Mark,Noble,Mark Noble,Mark Noble,1.63,0.0,6.0200000000000005
499,499,499,Carlos Sánchez,397,3,Carlos,Sánchez,Carlos Sánchez,Carlos Sanchez,0.0,0.0,0.0
500,500,500,Diangana,398,3,Grady,Diangana,Grady Diangana,Grady Diangana,0.0,0.0,0.10999999999999988
501,501,501,Fornals,399,3,Pablo,Fornals,Pablo Fornals,Pablo Fornals,1.47,0.0,1.47
502,502,502,Obiang,400,3,Pedro,Obiang,Pedro Obiang,Pedro Obiang,0.0,0.0,-1.0
503,503,503,Roberto,450,1,Roberto,Jimenez Gago,Roberto Jimenez Gago,Roberto Jimenez Gago,2.43,0.0,3.9699999999999998
504,504,504,Haller,457,4,Sébastien,Haller,Sébastien Haller,Sebastien Haller,0.52,0.38,5.68
505,505,505,Ajeti,514,4,Albian,Ajeti,Albian Ajeti,Albian Ajeti,0.0,0.0,0.0
506,506,506,Doherty,401,2,Matt,Doherty,Matt Doherty,Matt Doherty,0.69,0.0,6.5200000000000005
507,507,507,Jonny,402,2,Jonathan,Castro Otto,Jonathan Castro Otto,Jonathan Castro Otto,0.0,0.0,0.0
508,508,508,Coady,403,2,Conor,Coady,Conor Coady,Conor Coady,0.0,0.0,0.0
509,509,509,Bennett,404,2,Ryan,Bennett,Ryan Bennett,Ryan Bennett,0.0,0.0,0.0
510,510,510,Boly,405,2,Willy,Boly,Willy Boly,Willy Boly,3.52,0.0,4.01
511,511,511,Vinagre,406,2,Rúben Gonçalo,Silva Nascimento Vinagre,Rúben Gonçalo Silva Nascimento Vinagre,Ruben Goncalo Silva Nascimento Vinagre,0.0,0.0,0.7
512,512,512,Saïss,407,2,Romain,Saïss,Romain Saïss,Romain Saiss,0.0,0.0,0.0
513,513,513,Kilman,408,2,Max,Kilman,Max Kilman,Max Kilman,0.0,0.0,0.0
514,514,514,Jiménez,409,4,Raúl,Jiménez,Raúl Jiménez,Raul Jimenez,3.11,0.0,7.75
515,515,515,Jota,410,4,Diogo,Jota,Diogo Jota,Diogo Jota,4.73,0.0,16.4
516,516,516,Patrício,411,1,Rui Pedro,dos Santos Patrício,Rui Pedro dos Santos Patrício,Rui Pedro dos Santos Patricio,0.0,0.0,2.18
517,517,517,Ruddy,412,1,John,Ruddy,John Ruddy,John Ruddy,0.0,0.0,0.0
518,518,518,Norris,413,1,Will,Norris,Will Norris,Will Norris,0.0,0.0,-1.0
519,519,519,Neves,414,3,Rúben Diogo,da Silva Neves,Rúben Diogo da Silva Neves,Ruben Diogo da Silva Neves,0.0,0.0,3.56
520,520,520,Moutinho,415,3,João Filipe Iria,Santos Moutinho,João Filipe Iria Santos Moutinho,Joao Filipe Iria Santos Moutinho,0.0,0.0,0.0
521,521,521,Gibbs-White,416,3,Morgan,Gibbs-White,Morgan Gibbs-White,Morgan GibbsWhite,0.0,0.0,0.0
522,522,522,Traoré,417,3,Adama,Traoré,Adama Traoré,Adama Traore,0.75,0.0,1.6800000000000002
523,523,523,Costa,418,3,Hélder,Costa,Hélder Costa,Helder Costa,0.0,0.0,0.0
524,524,524,Cavaleiro,419,3,Ivan,Cavaleiro,Ivan Cavaleiro,Ivan Cavaleiro,0.0,0.0,-1.0
525,525,525,Dendoncker,420,3,Leander,Dendoncker,Leander Dendoncker,Leander Dendoncker,2.41,0.0,1.63
526,526,526,Vallejo,473,2,Jesús,Vallejo Lázaro,Jesús Vallejo Lázaro,Jesus Vallejo Lazaro,0.0,0.0,2.04
527,527,527,Cutrone,487,4,Patrick,Cutrone,Patrick Cutrone,Patrick Cutrone,0.69,0.0,0.0
528,528,528,Neto,528,3,Pedro,Lomba Neto,Pedro Lomba Neto,Pedro Lomba Neto,0.0,0.0,0.0
